{"tilemap": {"3;7": {"type": "grass", "variant": 0, "pos": [3, 7]}, "4;7": {"type": "grass", "variant": 1, "pos": [4, 7]}, "5;7": {"type": "grass", "variant": 1, "pos": [5, 7]}, "6;7": {"type": "grass", "variant": 1, "pos": [6, 7]}, "7;7": {"type": "grass", "variant": 1, "pos": [7, 7]}, "8;7": {"type": "grass", "variant": 1, "pos": [8, 7]}, "9;7": {"type": "grass", "variant": 2, "pos": [9, 7]}, "9;8": {"type": "grass", "variant": 3, "pos": [9, 8]}, "9;9": {"type": "grass", "variant": 3, "pos": [9, 9]}, "9;10": {"type": "grass", "variant": 4, "pos": [9, 10]}, "8;10": {"type": "grass", "variant": 5, "pos": [8, 10]}, "7;10": {"type": "grass", "variant": 5, "pos": [7, 10]}, "6;10": {"type": "grass", "variant": 5, "pos": [6, 10]}, "5;10": {"type": "grass", "variant": 5, "pos": [5, 10]}, "4;10": {"type": "grass", "variant": 5, "pos": [4, 10]}, "4;9": {"type": "grass", "variant": 5, "pos": [4, 9]}, "4;8": {"type": "grass", "variant": 5, "pos": [4, 8]}, "5;8": {"type": "grass", "variant": 5, "pos": [5, 8]}, "6;8": {"type": "grass", "variant": 5, "pos": [6, 8]}, "7;8": {"type": "grass", "variant": 5, "pos": [7, 8]}, "8;8": {"type": "grass", "variant": 5, "pos": [8, 8]}, "8;9": {"type": "grass", "variant": 5, "pos": [8, 9]}, "7;9": {"type": "grass", "variant": 5, "pos": [7, 9]}, "6;9": {"type": "grass", "variant": 5, "pos": [6, 9]}, "5;9": {"type": "grass", "variant": 5, "pos": [5, 9]}, "3;8": {"type": "grass", "variant": 7, "pos": [3, 8]}, "3;9": {"type": "grass", "variant": 7, "pos": [3, 9]}, "3;10": {"type": "grass", "variant": 6, "pos": [3, 10]}, "12;6": {"type": "stone", "variant": 0, "pos": [12, 6]}, "13;6": {"type": "stone", "variant": 1, "pos": [13, 6]}, "14;6": {"type": "stone", "variant": 1, "pos": [14, 6]}, "15;6": {"type": "stone", "variant": 1, "pos": [15, 6]}, "16;6": {"type": "stone", "variant": 2, "pos": [16, 6]}, "16;7": {"type": "stone", "variant": 3, "pos": [16, 7]}, "16;8": {"type": "stone", "variant": 4, "pos": [16, 8]}, "15;8": {"type": "stone", "variant": 5, "pos": [15, 8]}, "15;7": {"type": "stone", "variant": 5, "pos": [15, 7]}, "14;7": {"type": "stone", "variant": 5, "pos": [14, 7]}, "14;8": {"type": "stone", "variant": 5, "pos": [14, 8]}, "13;8": {"type": "stone", "variant": 5, "pos": [13, 8]}, "13;7": {"type": "stone", "variant": 5, "pos": [13, 7]}, "12;7": {"type": "stone", "variant": 7, "pos": [12, 7]}, "12;8": {"type": "stone", "variant": 6, "pos": [12, 8]}, "7;6": {"type": "decor", "variant": 0, "pos": [7, 6]}, "12;13": {"type": "grass", "variant": 0, "pos": [12, 13]}}, "tile_size": 16, "offgrid_tiles": [{"type": "large_decor", "variant": 0, "pos": [53.5, 105.5]}, {"type": "large_decor", "variant": 2, "pos": [131.0, 70.0]}]}